letter	frequency
03-18	0.00325732899023
03-22	0.00358422939068
03-23	0.00392156862745
03-27	0.00732600732601
04-05	0.00325732899023
04-20	0.00259067357513
