letter	frequency
03-15	0.00157480314961
03-17	0.0031847133758
04-01	0.00212314225053
04-19	0.00184162062615
